,model,metric_val,metric_name
0,full,0.33068520357497516,accuracy
1,full,0.3301081705117477,precision
2,full,0.33011086934216743,recall
0,ml,0.9998153448435048,accuracy
1,ml,0.9998206760512867,precision
2,ml,0.9998236798025214,recall
0,partial,0.30685203574975173,accuracy
1,partial,0.3039099201061744,precision
2,partial,0.32046663035881007,recall
